team,url,ncaa_id,team_state,conference,division
A&M-Corpus Christi,https://goislanders.com/sports/womens-volleyball,26172,TX,Southland,I
Abilene Christian,https://acusports.com/sports/womens-volleyball,2,TX,WAC,I
Academy of Art,https://artuathletics.com/sports/womens-volleyball,30123,CA,PacWest,II
Adams St.,https://asugrizzlies.com/sports/womens-volleyball,929,CO,RMAC,II
Adelphi,https://aupanthers.com/sports/womens-volleyball,3,NY,NE10,II
Air Force,https://goairforcefalcons.com/sports/womens-volleyball,721,CO,Mountain West,I
Akron,https://gozips.com/sports/womens-volleyball,5,OH,MAC,I
Alabama,https://rolltide.com/sports/womens-volleyball,8,AL,SEC,I
Alabama A&M,https://aamusports.com/sports/womens-volleyball,6,AL,SWAC,I
Alabama State,https://bamastatesports.com/sports/womens-volleyball,7,AL,SWAC,I
Alas. Anchorage,https://goseawolves.com/sports/womens-volleyball,11,AK,Great Northwest,II
Alas. Fairbanks,https://alaskananooks.com/sports/womens-volleyball,12,AK,Great Northwest,II
Albany,https://ualbanysports.com/sports/womens-volleyball,14,NY,America East,I
Albertus Magnus,https://www.albertusfalcons.com/sports/wvball/index,2798,CT,Great Northeast,III
Albion,https://gobrits.com/sports/womens-volleyball,15,MI,Michigan Intercol. Ath. Assn.,III
Albright,https://albrightathletics.com/sports/womens-volleyball,16,PA,MAC Commonwealth,III
Alcorn State,https://alcornsports.com/sports/womens-volleyball,17,MS,SWAC,I
Alderson Broaddus,https://gobattlers.com/sports/womens-volleyball,934,WV,MEC,II
Alfred,https://gosaxons.com/sports/womens-volleyball,18,NY,Empire 8,III
Allegheny,https://alleghenygators.com/sports/womens-volleyball,19,PA,PAC,III
Alliance,https://athletics.allianceu.edu/sports/womens-volleyball,1277,NY,CACC,II
Alma,https://almascots.com/sports/wvball/index,21,MI,Michigan Intercol. Ath. Assn.,III
Alvernia,https://auwolves.com/sports/womens-volleyball,938,PA,MAC Commonwealth,III
American,https://aueagles.com/sports/womens-volleyball,23,DC,Patriot,I
American International,https://aicyellowjackets.com/sports/wvball/index,22,MA,NE10,II
Anderson (IN),https://aua.prestosports.com/sports/wvball/index,939,IN,HCAC,III
Anderson (SC),https://www.autrojans.com/sports/wvball/index,13028,SC,SAC,II
Angelo St.,https://angelosports.com/sports/womens-volleyball,25,TX,Lone Star,II
Appalachian State,https://appstatesports.com/sports/womens-volleyball,27,NC,Sun Belt,I
Arcadia,https://arcadiaknights.com/sports/womens-volleyball,966,PA,MAC Freedom,III
Arizona,https://arizonawildcats.com/sports/womens-volleyball,29,AZ,Pac-12,I
Arizona State,https://thesundevils.com/sports/womens-volleyball,28,AZ,Pac-12,I
Ark.-Fort Smith,https://uafortsmithlions.com/sports/womens-volleyball,30105,AR,Lone Star,II
Ark.-Monticello,https://www.uamsports.com/sports/womens-volleyball,8411,AR,GAC,II
Arkansas,https://arkansasrazorbacks.com/sport/w-volley/,31,AR,SEC,I
Arkansas St.,https://astateredwolves.com/sports/womens-volleyball,30,AR,Sun Belt,I
Arkansas Tech,https://arkansastechsports.com/sports/womens-volleyball,947,AR,GAC,II
Arkansas-Little Rock,https://lrtrojans.com/sports/womens-volleyball,32,AR,OVC,I
Arkansas-Pine Bluff,https://uapblionsroar.com/sports/womens-volleyball,2678,AR,SWAC,I
Army,https://goarmywestpoint.com/sports/womens-volleyball,725,NY,Patriot,I
Ashland,https://goashlandeagles.com/sports/womens-volleyball,35,OH,G-MAC,II
Assumption,https://assumptiongreyhounds.com/sports/womens-volleyball,36,MA,NE10,II
Auburn,https://auburntigers.com/sports/womens-volleyball,37,AL,SEC,I
Augsburg,https://athletics.augsburg.edu/sports/womens-volleyball,38,MN,MIAC,III
Augusta,https://augustajags.com/sports/womens-volleyball,39,GA,Peach Belt,II
Augustana (IL),https://athletics.augustana.edu/sports/womens-volleyball,40,IL,CCIW,III
Augustana (SD),https://goaugie.com/sports/womens-volleyball,41,SD,NSIC,II
AUM,https://aumathletics.com/sports/womens-volleyball,30093,AL,Gulf South,II
Aurora,https://athletics.aurora.edu/sports/womens-volleyball,42,IL,NACC,III
Austin,https://www.acroos.com/sports/wvball/index,953,TX,SCAC,III
Austin Peay,https://letsgopeay.com/sports/womens-volleyball,43,TN,ASUN,I
Averett,https://averettcougars.com/sports/womens-volleyball,44,VA,ODAC,III
Babson,https://www.babsonathletics.com/sports/w-volley/index,45,MA,NEWMAC,III
Baldwin Wallace,https://www.bwyellowjackets.com/sports/wvball/index,46,OH,OAC,III
Ball State,https://ballstatesports.com/sports/womens-volleyball,47,IN,MAC,I
Bard,https://bardathletics.com/sports/womens-volleyball,962,NY,Liberty League,III
Barry,https://gobarrybucs.com/sports/womens-volleyball,49,FL,Sunshine State,II
Baruch,https://athletics.baruch.cuny.edu/sports/womens-volleyball,58,NY,CUNYAC,III
Bates,https://gobatesbobcats.com/sports/womens-volleyball,50,ME,NESCAC,III
Baylor,https://baylorbears.com/sports/womens-volleyball,51,TX,Big 12,I
Becker,https://beckerhawks.com/sports/wvball/index,26107,MA,NECC,III
Belhaven,https://blazers.belhaven.edu/sports/womens-volleyball,30197,MS,CCS,III
Bellarmine,https://athletics.bellarmine.edu/sports/womens-volleyball,52,KY,ASUN,I
Belmont,https://belmontbruins.com/sports/womens-volleyball,14927,TN,MVC,I
Belmont Abbey,https://abbeyathletics.com/sports/womens-volleyball,2683,NC,Conference Carolinas,II
Bemidji St.,https://www.bsubeavers.com/wbasketball/,54,MN,NSIC,II
Benedict,https://benedicttigers.com/sports/womens-volleyball,55,SC,SIAC,II
Benedictine (IL),https://benueagles.com/sports/womens-volleyball,296,IL,NACC,III
Bentley,https://www.bentleyfalcons.com/sports/wvball/index,56,MA,NE10,II
Berea,https://bereaathletics.com/sports/womens-volleyball,30171,KY,CCS,III
Berry,https://www.berryvikings.com/sports/womens-volleyball,973,GA,SAA,III
Bethany (WV),https://www.bethanybison.com/sports/wvball/index,59,WV,PAC,III
Bethany Lutheran,https://blcvikings.com/sports/womens-volleyball,30038,MN,UMAC,III
Bethel (MN),https://athletics.bethel.edu/sports/womens-volleyball,60,MN,MIAC,III
Bethune-Cookman,https://bcuathletics.com/sports/womens-volleyball,61,FL,SWAC,I
Binghamton,https://bubearcats.com/sports/womens-volleyball,62,NY,America East,I
Biola,https://athletics.biola.edu/sports/womens-volleyball,30220,CA,PacWest,II
Birmingham-Southern,https://bscsports.net/sports/womens-volleyball,28593,AL,SAA,III
Black Hills St.,https://bhsuathletics.com/sports/womens-volleyball,30134,SD,RMAC,II
Blackburn,https://www.blackburnbeavers.com/sports/wvball/index,64,IL,SLIAC,III
Bloomsburg,https://buhuskies.com/sports/womens-volleyball,65,PA,PSAC,II
Bluefield St.,https://gobstate.com/sports/womens-volleyball,985,WV,DII Independent,II
Boise State,https://broncosports.com/sports/womens-volleyball,66,ID,Mountain West,I
Boston,https://goterriers.com/sports/womens-volleyball,68,MA,Patriot,I
Boston College,https://bceagles.com/sports/womens-volleyball,67,MA,ACC,I
Bowdoin,https://athletics.bowdoin.edu/sports/womens-volleyball,69,ME,NESCAC,III
Bowie St.,https://bsubulldogs.com/sports/womens-volleyball,70,MD,CIAA,II
Bowling Green,https://bgsufalcons.com/sports/womens-volleyball,71,KY,MAC,I
Bradley,https://bradleybraves.com/sports/womens-volleyball,72,IL,MVC,I
Brandeis,https://www.brandeisjudges.com/sports/wvball/index,73,MA,UAA,III
Bridgeport,https://www.ubknights.com/sports/wvball/index,74,CT,CACC,II
Bridgewater (VA),https://bridgewatereagles.com/sports/womens-volleyball,75,VA,ODAC,III
Brigham Young,https://byucougars.com/sports/womens-volleyball,77,UT,WCC,I
Brockport,https://gobrockport.com/sports/womens-volleyball,78,NY,SUNYAC,III
Brown,https://brownbears.com/sports/womens-volleyball,80,RI,Ivy League,I
Bryant,https://www.bryantbulldogs.com/sports/wvball/index,81,RI,America East,I
Bryn Athyn,https://brynathynathletics.com/sports/womens-volleyball,30188,PA,CSAC,III
Bucknell,https://bucknellbison.com/sports/womens-volleyball,83,PA,Patriot,I
Buena Vista,https://bvuathletics.com/sports/womens-volleyball,84,IA,American Rivers,III
Buffalo,https://ubbulls.com/sports/womens-volleyball,86,NY,MAC,I
Butler,https://butlersports.com/sports/womens-volleyball,87,IN,Big East,I
Cabrini,https://cabriniathletics.com/sports/womens-volleyball,88,PA,Atlantic East,III
Cairn,https://www.cairnhighlanders.com/sports/womens-volleyball,1305,PA,CSAC,III
Cal Poly,https://gopoly.com/sports/womens-volleyball,90,CA,Big West,I
Cal Poly Humboldt,https://humboldtathletics.com/sports/womens-volleyball,291,CA,CCAA,II
Cal Poly Pomona,https://broncoathletics.com/sports/womens-volleyball,91,CA,CCAA,II
Cal St. Dom. Hills,https://gotoros.com/sports/womens-volleyball,92,CA,CCAA,II
Cal St. East Bay,https://eastbaypioneers.com/sports/womens-volleyball,98,CA,CCAA,II
Cal St. Monterey Bay,https://otterathletics.com/sports/womens-volleyball,30055,CA,CCAA,II
Cal St. San Bernardino,https://www.csusbathletics.com/sports/womens-volleyball,93,CA,CCAA,II
Cal St. San Marcos,https://csusmcougars.com/sports/womens-volleyball,30198,CA,CCAA,II
Cal State Bakersfield,https://gorunners.com/sports/womens-volleyball,94,CA,Big West,I
Cal State Fullerton,https://fullertontitans.com/sports/womens-volleyball,97,CA,Big West,I
Cal State LA,https://lagoldeneagles.com/sports/womens-volleyball,100,CA,CCAA,II
Cal U (PA),https://calvulcans.com/sports/womens-volleyball,106,PA,PSAC,II
Caldwell,https://caldwellathletics.com/sports/womens-volleyball,995,NJ,CACC,II
California,https://calbears.com/sports/womens-volleyball,107,CA,Pac-12,I
California Baptist,https://cbulancers.com/sports/womens-volleyball,30135,CA,WAC,I
Caltech,https://www.gocaltech.com/sports/wvball/index,89,CA,SCIAC,III
Calvin,https://calvinknights.com/sports/wvball/index,114,MI,Michigan Intercol. Ath. Assn.,III
Cameron,https://cameronaggies.com/sports/womens-volleyball,996,OK,Lone Star,II
Campbell,https://gocamels.com/sports/womens-volleyball,115,NC,Big South,I
Canisius,https://gogriffs.com/sports/womens-volleyball,116,NY,MAAC,I
Capital,https://athletics.capital.edu/sports/womens-volleyball,117,OH,OAC,III
Carleton,https://athletics.carleton.edu/sports/womens-volleyball,118,MN,MIAC,III
Carnegie Mellon,https://athletics.cmu.edu/sports/wvball/index,119,PA,UAA,III
Carroll (WI),https://gopios.com/sports/womens-volleyball,120,WI,CCIW,III
Carson-Newman,https://www.cneagles.com/sports/w-volley/index,1000,TN,SAC,II
Carthage,https://athletics.carthage.edu/sports/womens-volleyball,121,WI,CCIW,III
Castleton,https://castletonsports.com/sports/womens-volleyball,123,VT,Little East,III
Catawba,https://www.catawbaathletics.com/sports/wvball/index,1001,NC,SAC,II
Catholic,https://www.catholicathletics.com/sports/wvball/index,124,DC,Landmark,III
CCNY,https://ccnyathletics.com/sports/womens-volleyball,480,NY,CUNYAC,III
Cedar Crest,https://cedarcrestathletics.com/sports/womens-volleyball,14795,PA,CSAC,III
Cedarville,https://yellowjackets.cedarville.edu/sports/womens-volleyball,30124,OH,G-MAC,II
Centenary (LA),https://centenarycyclones.com/sports/womens-volleyball,125,LA,SCAC,III
Centenary (NJ),NA,12884,NJ,Atlantic East,III
Central Arkansas,https://ucasports.com/sports/womens-volleyball,1004,AR,ASUN,I
Central Connecticut,https://ccsubluedevils.com/sports/wvball/index,127,CT,NEC,I
Central Florida,https://ucfknights.com/sports/womens-volleyball,128,FL,AAC,I
Central Michigan,https://cmuchippewas.com/sports/womens-volleyball,129,MI,MAC,I
Central Mo.,https://ucmathletics.com/sports/womens-volleyball,130,MO,Mid-America Intercollegiate,II
Central Okla.,https://bronchosports.com/sports/womens-volleyball,1009,OK,Mid-America Intercollegiate,II
Central Wash.,https://wildcatsports.com/sports/womens-volleyball,1010,WA,Great Northwest,II
Centre,https://centrecolonels.com/sports/womens-volleyball,132,KY,SAA,III
Chadron St.,https://chadroneagles.com/sports/womens-volleyball,1012,NE,RMAC,II
Charleston (WV),https://ucgoldeneagles.com/sports/womens-volleyball,1013,WV,MEC,II
Charleston Southern,https://www.csusports.com/sports/womens-volleyball,48,SC,Big South,I
Charlotte,https://charlotte49ers.com/sports/womens-volleyball,458,NC,C-USA,I
Chatham,https://gochathamcougars.com/sports/womens-volleyball,10972,PA,PAC,III
Chattanooga,https://gomocs.com/sports/womens-volleyball,693,TN,SoCon,I
Chestnut Hill,https://griffinathletics.com/sports/womens-volleyball,21323,PA,CACC,II
Chicago,https://athletics.uchicago.edu/sports/wvball/index,137,IL,UAA,III
Chicago State,https://www.gocsucougars.com/sports/womens-volleyball,136,IL,DI Independent,I
Chico St.,https://chicowildcats.com/sports/womens-volleyball,95,CA,CCAA,II
Chowan,https://gocuhawks.com/sports/womens-volleyball,8875,NC,Conference Carolinas,II
Chris. Newport,https://www.cnusports.com/sports/womens-volleyball,139,VA,C2C,III
Christian Brothers,https://cbubucs.com/sports/womens-volleyball,1015,TN,Gulf South,II
Cincinnati,https://gobearcats.com/sports/womens-volleyball,140,OH,AAC,I
Claremont-M-S,https://www.cmsathletics.org/sports/wvball/index,142,CA,SCIAC,III
Clark (MA),https://www.clarkathletics.com/sports/wvball/index,145,MA,NEWMAC,III
Clark Atlanta,https://clarkatlantasports.com/sports/womens-volleyball,144,GA,SIAC,II
Clarkson,https://clarksonathletics.com/sports/womens-volleyball,146,NY,Liberty League,III
Clemson,https://clemsontigers.com/sports/volleyball/,147,SC,ACC,I
Cleveland State,https://www.csuvikings.com/sports/w-volley/index,148,OH,Horizon,I
CMSV,https://cmsvathletics.com/sports/womens-volleyball,451,NY,Skyline,III
Coast Guard,https://www.uscgasports.com/sports/wvball/index,722,CT,NEWMAC,III
Coastal Carolina,https://goccusports.com/sports/womens-volleyball,149,SC,Sun Belt,I
Coe,https://kohawkathletics.com/sports/womens-volleyball,150,IA,American Rivers,III
Coker,https://www.cokercobras.com/sports/wvball/index,1023,SC,SAC,II
Colby,https://colbyathletics.com/sports/womens-volleyball,151,ME,NESCAC,III
Colgate,https://colgateathletics.com/sports/womens-volleyball,153,NY,Patriot,I
College of Charleston,https://cofcsports.com/sports/womens-volleyball,1014,SC,CAA,I
Colo. Christian,https://ccucougars.com/sports/womens-volleyball,11403,CO,RMAC,II
Colo. Sch. of Mines,https://minesathletics.com/sports/womens-volleyball,155,CO,RMAC,II
Colorado,https://cubuffs.com/sports/womens-volleyball,157,CO,Pac-12,I
Colorado Col.,https://cctigers.com/sports/womens-volleyball,154,CO,SCAC,III
Colorado Mesa,https://cmumavericks.com/sports/womens-volleyball,11416,CO,RMAC,II
Colorado St.,https://csurams.com/sports/womens-volleyball,156,CO,Mountain West,I
Colorado St.-Pueblo,https://gothunderwolves.com/sports/womens-volleyball,2720,CO,RMAC,II
Columbia,https://gocolumbialions.com/sports/womens-volleyball,158,NY,Ivy League,I
Columbus St.,https://csucougars.com/sports/womens-volleyball,159,GA,Peach Belt,II
Concord,https://cumountainlions.com/sports/womens-volleyball,1028,WV,MEC,II
Concordia (CA),https://cuieagles.com/sports/womens-volleyball,30199,CA,PacWest,II
Concordia (TX),https://athletics.concordia.edu/sports/womens-volleyball,24400,TX,ASC,III
Concordia Chicago,https://www.cucougars.com/sports/womens-volleyball,160,IL,NACC,III
Concordia Wisconsin,https://www.cuwfalcons.com/sports/wvball/index,1036,WI,NACC,III
Concordia-St. Paul,https://cspbears.com/sports/womens-volleyball,9081,MN,NSIC,II
Connecticut Col.,https://camelathletics.com/sports/womens-volleyball,163,CT,NESCAC,III
Converse,https://govalkyries.com/sports/womens-volleyball,8935,SC,Conference Carolinas,II
Coppin State,https://coppinstatesports.com/sports/womens-volleyball,165,MD,MEAC,I
Cornell,https://cornellbigred.com/sports/womens-volleyball,167,NY,Ivy League,I
Cornell College,https://cornellrams.com/sports/womens-volleyball,166,IA,MWC,III
Covenant,https://athletics.covenant.edu/sports/womens-volleyball,30111,GA,CCS,III
Creighton,https://gocreighton.com/sports/womens-volleyball,169,NE,Big East,I
Crown (MN),https://athletics.crown.edu/sports/womens-volleyball,30035,MN,UMAC,III
CSUN,https://gomatadors.com/sports/womens-volleyball,101,CA,Big West,I
CWRU,https://athletics.case.edu/sports/wvball/index,122,OH,UAA,III
D'Youville,https://athletics.dyc.edu/sports/wvball/index,1059,NY,ECC,II
Daemen,https://daemenwildcats.com/sports/womens-volleyball,30174,NY,ECC,II
Dartmouth,https://dartmouthsports.com/sports/womens-volleyball,172,VT,Ivy League,I
Davenport,https://dupanthers.com/sports/womens-volleyball,30221,MI,GLIAC,II
Davidson,https://davidsonwildcats.com/sports/womens-volleyball,173,NC,Atlantic 10,I
Davis & Elkins,https://senatornation.com/sports/womens-volleyball,174,WV,MEC,II
Dayton,https://daytonflyers.com/sports/womens-volleyball,175,OH,Atlantic 10,I
Dean,https://deanbulldogs.com/sports/womens-volleyball,30219,MA,Great Northeast,III
Defiance,https://www.defianceathletics.com/sports/wvball/index,1050,OH,HCAC,III
Delaware,https://bluehens.com/sports/womens-volleyball,180,DE,CAA,I
Delaware State,https://dsuhornets.com/sports/womens-volleyball,178,DE,MEAC,I
Delaware Valley,https://athletics.delval.edu/sports/womens-volleyball,179,PA,MAC Freedom,III
Delta St.,https://gostatesmen.com/sports/womens-volleyball,181,MS,Gulf South,II
Denison,https://denisonbigred.com/sports/womens-volleyball,182,OH,NCAC,III
Denver,https://denverpioneers.com/sports/womens-volleyball,183,CO,Summit League,I
DePaul,https://depaulbluedemons.com/sports/womens-volleyball,176,IL,Big East,I
DePauw,https://depauwtigers.com/sports/womens-volleyball/,177,IN,NCAC,III
DeSales,https://athletics.desales.edu/sports/womens-volleyball,20,PA,MAC Freedom,III
Detroit Mercy,https://detroittitans.com/sports/womens-volleyball,184,MI,Horizon,I
Dickinson,https://www.dickinsonathletics.com/sports/wvball/index,185,PA,Centennial,III
Dist. Columbia,https://www.udcfirebirds.com/sports/wvball/index,186,DC,ECC,II
Drake,https://godrakebulldogs.com/sports/womens-volleyball/,189,IA,MVC,I
Drew,https://drewrangers.com/sports/womens-volleyball,190,NJ,Landmark,III
Drexel,https://drexeldragons.com/sports/womens-volleyball,191,PA,CAA,I
Drury,https://drurypanthers.com/sports/womens-volleyball,1057,MO,GLVC,II
Dubuque,https://udspartans.com/sports/womens-volleyball,192,IA,American Rivers,III
Duke,https://goduke.com/sports/womens-volleyball,193,NC,ACC,I
Duquesne,https://goduquesne.com/sports/womens-volleyball,194,PA,Atlantic 10,I
Earlham,https://goearlham.com/sports/womens-volleyball,195,IN,HCAC,III
East Carolina,https://ecupirates.com/sports/womens-volleyball,196,NC,AAC,I
East Central,https://ecutigers.com/sports/womens-volleyball,8965,OK,GAC,II
East Stroudsburg,https://esuwarriors.com/sports/womens-volleyball,197,PA,PSAC,II
East Tennessee State,https://etsubucs.com/sports/womens-volleyball,198,TN,SoCon,I
East Tex. Baptist,https://goetbutigers.com/sports/womens-volleyball,1062,TX,ASC,III
East. Mennonite,https://www.emuroyals.com/sports/wvball/index,203,VA,ODAC,III
Eastern Conn. St.,https://gowarriorathletics.com/sports/womens-volleyball,200,CT,Little East,III
Eastern Illinois,https://eiupanthers.com/sports/womens-volleyball,201,IL,OVC,I
Eastern Kentucky,https://ekusports.com/sports/womens-volleyball,202,KY,ASUN,I
Eastern Michigan,https://emueagles.com/sports/womens-volleyball,204,MI,MAC,I
Eastern N.M.,https://goeasternathletics.com/sports/womens-volleyball,206,NM,Lone Star,II
Eastern Nazarene,https://athletics.enc.edu/sports/wvball/index,1064,MA,NECC,III
Eastern Washington,https://goeags.com/sports/womens-volleyball,207,WA,Big Sky,I
Eckerd,https://eckerdtritons.com/sports/womens-volleyball,208,FL,Sunshine State,II
Edgewood,https://edgewoodcollegeeagles.com/sports/womens-volleyball,1066,WI,NACC,III
Edinboro,https://gofightingscots.com/sports/womens-volleyball,209,PA,PSAC,II
Edward Waters,https://ewutigerpride.com/sports/womens-volleyball,30244,FL,SIAC,II
Elizabethtown,https://etownbluejays.com/sports/womens-volleyball,211,PA,Landmark,III
Elmhurst,https://elmhurstbluejays.com/sports/womens-volleyball,212,IL,CCIW,III
Elmira,https://athletics.elmira.edu/sports/womens-volleyball,213,NY,Empire 8,III
Elms,https://www.ecblazers.com/sports/wvball/index,532,MA,Great Northeast,III
Elon,https://elonphoenix.com/sports/womens-volleyball,1068,NC,CAA,I
Embry-Riddle (FL),https://erauathletics.com/sports/womens-volleyball,9680,FL,Sunshine State,II
Emerson,https://www.emersonlions.com/sports/wvball/index,214,MA,NEWMAC,III
Emmanuel (MA),https://www.goecsaints.com/sports/w-volley/index,215,MA,Great Northeast,III
Emory,https://www.emoryathletics.com/sports/wvball/index,217,GA,UAA,III
Emory & Henry,https://www.gowasps.com/sports/wvball/index,216,VA,SAC,II
Emporia St.,https://esuhornets.com/sports/womens-volleyball,1071,KS,Mid-America Intercollegiate,II
Endicott,https://www.ecgulls.com/sports/wvball/index,8981,MA,CCC,III
Erskine,https://erskinesports.com/sports/womens-volleyball,1072,SC,Conference Carolinas,II
Eureka,http://www.eurekareddevils.com/sports/wvball/index,218,IL,SLIAC,III
Evansville,https://gopurpleaces.com/sports/womens-volleyball,219,IN,MVC,I
Fairfield,https://fairfieldstags.com/sports/womens-volleyball,220,CT,MAAC,I
Fairleigh Dickinson,https://fduknights.com/sports/womens-volleyball,222,NJ,NEC,I
Fairmont St.,https://fightingfalcons.com/sports/womens-volleyball,1076,WV,MEC,II
Farmingdale St.,https://www.farmingdalesports.com/sports/wvball/index,27892,NY,Skyline,III
FDU-Florham,https://fdudevils.com/sports/womens-volleyball,221,NJ,MAC Freedom,III
Felician,https://www.felicianathletics.com/sports/wvball/index,23157,NJ,CACC,II
Ferris St.,https://www.ferrisstatebulldogs.com/sports/wvball/index,224,MI,GLIAC,II
Ferrum,https://ferrumpanthers.com/sports/womens-volleyball,225,VA,ODAC,III
Findlay,https://athletics.findlay.edu/sports/wvball/index,1079,OH,G-MAC,II
Finlandia,https://fulions.com/sports/womens-volleyball,30032,MI,C2C,III
Fitchburg St.,https://www.fitchburgfalcons.com/sports/wvball/index,227,MA,MASCAC,III
FIU,https://fiusports.com/sports/womens-volleyball,231,FL,C-USA,I
Fla. Southern,https://fscmocs.com/sports/womens-volleyball,233,FL,Sunshine State,II
Flagler,https://flaglerathletics.com/sports/womens-volleyball,30092,FL,Peach Belt,II
Florida,https://floridagators.com/sports/womens-volleyball,235,FL,SEC,I
Florida A&M,https://famuathletics.com/sports/womens-volleyball,228,FL,SWAC,I
Florida Atlantic,https://fausports.com/sports/womens-volleyball,229,FL,C-USA,I
Florida Gulf Coast,https://fgcuathletics.com/sports/womens-volleyball,28755,FL,ASUN,I
Florida St,https://seminoles.com/sports/womens-volleyball,234,FL,ACC,I
Florida Tech,https://floridatechsports.com/sports/womens-volleyball,230,FL,Sunshine State,II
Fontbonne,https://fontbonnegriffins.com/sports/wvball/index,11538,MO,SLIAC,III
Fordham,https://fordhamsports.com/sports/womens-volleyball,236,NY,Atlantic 10,I
Fort Hays St.,https://fhsuathletics.com/sports/womens-volleyball,9011,KS,Mid-America Intercollegiate,II
Fort Lewis,https://goskyhawks.com/sports/womens-volleyball,1083,CO,RMAC,II
Francis Marion,https://fmupatriots.com/sports/womens-volleyball/,1085,SC,Conference Carolinas,II
Franciscan,https://franciscanathletics.com/sports/womens-volleyball,30069,OH,PAC,III
Franklin,https://franklingrizzlies.com/sports/womens-volleyball,2694,IN,HCAC,III
Franklin & Marshall,https://www.godiplomats.com/sports/w-volley/index,239,PA,Centennial,III
Franklin Pierce,https://www.fpuravens.com/sports/wvball/index,241,NH,NE10,II
Fredonia,https://fredoniabluedevils.com/sports/womens-volleyball,242,NY,SUNYAC,III
Fresno Pacific,https://www.fpuathletics.com/sports/womens-volleyball,30147,CA,PacWest,II
Fresno State,https://gobulldogs.com/sports/womens-volleyball,96,CA,Mountain West,I
Frostburg St.,https://frostburgsports.com/sports/womens-volleyball,243,MD,MEC,II
Furman,https://furmanpaladins.com/sports/womens-volleyball,244,SC,SoCon,I
Gannon,https://gannonsports.com/sports/womens-volleyball,246,PA,PSAC,II
Gardner-Webb,https://gwusports.com/sports/womens-volleyball,1092,NC,Big South,I
Geneva,https://athletics.geneva.edu/sports/womens-volleyball,30084,PA,PAC,III
George Fox,https://athletics.georgefox.edu/sports/womens-volleyball,1094,OR,NWC,III
George Mason,https://gomason.com/sports/womens-volleyball,248,VA,Atlantic 10,I
George Washington,https://gwsports.com/sports/womens-volleyball,249,DC,Atlantic 10,I
Georgetown,https://guhoyas.com/sports/womens-volleyball,251,DC,Big East,I
Georgia,https://georgiadogs.com/sports/womens-volleyball,257,GA,SEC,I
Georgia College,https://www.gcbobcats.com/sports/wvball/index,1096,GA,Peach Belt,II
Georgia Southern,https://gseagles.com/sports/womens-volleyball,253,GA,Sun Belt,I
Georgia State,https://georgiastatesports.com/sports/womens-volleyball,254,GA,Sun Belt,I
Georgia Tech,https://ramblinwreck.com/sports/w-volley/,255,GA,ACC,I
Georgian Court,https://gculions.com/sports/womens-volleyball,9004,NJ,CACC,II
Gettysburg,https://gettysburgsports.com/sports/womens-volleyball,258,PA,Centennial,III
Glenville St.,https://gscpioneers.com/sports/womens-volleyball,1098,WV,MEC,II
Gonzaga,https://gozags.com/sports/womens-volleyball,260,WA,WCC,I
Goucher,https://athletics.goucher.edu/sports/wvball/index,1467,MD,Landmark,III
Grambling,https://gsutigers.com/sports/womens-volleyball,261,LA,SWAC,I
Grand Canyon,https://gculopes.com/sports/womens-volleyball,1104,AZ,WAC,I
Grand Valley St.,https://gvsulakers.com/sports/womens-volleyball,262,MI,GLIAC,II
Green Bay,https://greenbayphoenix.com/sports/womens-volleyball,794,WI,Horizon,I
Greenville,http://athletics.greenville.edu/sports/wvball/index,1111,IL,SLIAC,III
Grinnell,https://pioneers.grinnell.edu/sports/womens-volleyball,264,IA,MWC,III
Grove City,https://athletics.gcc.edu/sports/womens-volleyball,265,PA,PAC,III
Guilford,https://guilfordquakers.com/sports/womens-volleyball,1112,NC,ODAC,III
Gust. Adolphus,https://gustavus.edu/athletics/wbb/,266,MN,MIAC,III
Hamilton,https://athletics.hamilton.edu/sports/womens-volleyball,267,NY,NESCAC,III
Hamline,https://hamlineathletics.com/sports/womens-volleyball,268,MN,MIAC,III
Hampton,https://hamptonpirates.com/sports/womens-volleyball,270,VA,CAA,I
Hanover,https://athletics.hanover.edu/sports/wvball,1115,IN,HCAC,III
Hardin-Simmons,https://www.hsuathletics.com/sports/w-volley/index,271,TX,ASC,III
Harding,https://hardingsports.com/sports/womens-volleyball,1116,AR,GAC,II
Hartford,https://hartfordhawks.com/sports/womens-volleyball,272,CT,DI Independent,I
Hartwick,https://www.hartwickhawks.com/sports/womens-volleyball,273,NY,Empire 8,III
Harvard,https://gocrimson.com/sports/womens-volleyball,275,MA,Ivy League,I
Hawaii,https://hawaiiathletics.com/sports/womens-volleyball,277,HI,Big West,I
Heidelberg,https://www.bergathletics.com/sports/womens-volleyball,278,OH,OAC,III
Henderson St.,https://hsusports.com/sports/womens-volleyball,1123,AR,GAC,II
Hendrix,https://hendrixwarriors.com/sports/womens-volleyball,1124,AR,SAA,III
High Point,https://highpointpanthers.com/sports/womens-volleyball,19651,NC,Big South,I
Hilbert,https://hilberthawks.com/sports/womens-volleyball,8398,NY,AMCC,III
Hillsdale,https://www.hillsdalechargers.com/sports/wvball/index,280,MI,G-MAC,II
Hiram,https://hiramterriers.com/sports/womens-volleyball,281,OH,NCAC,III
Hofstra,https://gohofstra.com/sports/womens-volleyball,283,NY,CAA,I
Hollins,https://hollinssports.com/sports/womens-volleyball,284,VA,ODAC,III
Holy Cross,https://goholycross.com/sports/womens-volleyball,285,MA,Patriot,I
Holy Family,https://athletics.holyfamily.edu/sports/womens-volleyball,1126,PA,CACC,II
Holy Names,https://hnuhawks.com/sports/womens-volleyball,30175,CA,PacWest,II
Hood,https://hoodathletics.com/sports/womens-volleyball,8404,MD,MAC Commonwealth,III
Hope,https://athletics.hope.edu/sports/wvball/index,286,MI,Michigan Intercol. Ath. Assn.,III
Houghton,https://athletics.houghton.edu/sports/womens-volleyball,30160,NY,Empire 8,III
Houston,https://uhcougars.com/sports/womens-volleyball,288,TX,AAC,I
Houston Christian,https://hcuhuskies.com/sports/womens-volleyball,287,TX,Southland,I
Howard,https://hubison.com/sports/womens-volleyball,290,DC,MEAC,I
Howard Payne,https://hpusports.com/sports/womens-volleyball,2741,TX,ASC,III
Hunter,https://www.huntercollegeathletics.com/sports/womens-volleyball,292,NY,CUNYAC,III
Huntingdon,https://www.huntingdonhawks.com/sports/wvball/index,1130,AL,CCS,III
Husson,https://hussoneagles.com/sports/womens-volleyball,1133,ME,North Atlantic,III
Idaho,https://govandals.com/sports/womens-volleyball,295,ID,Big Sky,I
Idaho St.,https://isubengals.com/sports/womens-volleyball,294,ID,Big Sky,I
Ill. Springfield,https://uisprairiestars.com/sports/womens-volleyball,30050,IL,GLVC,II
Ill. Wesleyan,https://www.iwusports.com/sports/womens-volleyball,300,IL,CCIW,III
Illinois,https://fightingillini.com/sports/womens-volleyball,301,IL,Big Ten,I
Illinois Col.,https://illinoiscollegeathletics.com/sports/womens-volleyball,297,IL,MWC,III
Illinois State,https://goredbirds.com/sports/womens-volleyball,299,IL,MVC,I
Illinois-Chicago,https://uicflames.com/sports/womens-volleyball,302,IL,MVC,I
Incarnate Word,https://uiwcardinals.com/sports/womens-volleyball,2743,TX,Southland,I
Indiana,https://iuhoosiers.com/sports/womens-volleyball,306,IN,Big Ten,I
Indiana (PA),https://iupathletics.com/sports/womens-volleyball,307,PA,PSAC,II
Indiana State,https://gosycamores.com/sports/womens-volleyball,305,IN,MVC,I
Iona,https://ionagaels.com/sports/womens-volleyball,310,NY,MAAC,I
Iowa,https://hawkeyesports.com/sports/wvball,312,IA,Big Ten,I
Iowa State,https://cyclones.com/sports/womens-volleyball,311,IA,Big 12,I
Ithaca,https://athletics.ithaca.edu/sports/womens-volleyball,313,NY,Liberty League,III
IUPUI,https://iupuijags.com/sports/womens-volleyball,2699,IN,Horizon,I
Jackson St.,https://gojsutigers.com/sports/womens-volleyball,314,MS,SWAC,I
Jacksonville,https://judolphins.com/sports/womens-volleyball,316,FL,ASUN,I
Jacksonville St.,https://jsugamecocksports.com/sports/womens-volleyball,315,AL,ASUN,I
James Madison,https://jmusports.com/sports/womens-volleyball,317,VA,Sun Belt,I
Jefferson,https://jeffersonrams.com/sports/womens-volleyball,543,PA,CACC,II
John Carroll,https://jcusports.com/sports/womens-volleyball,320,OH,OAC,III
John Jay,https://johnjayathletics.com/sports/womens-volleyball,321,NY,CUNYAC,III
Johns Hopkins,https://hopkinssports.com/sports/womens-volleyball,322,MD,Centennial,III
Johnson C. Smith,https://goldenbullsports.com/sports/womens-volleyball,323,NC,CIAA,II
Juniata,https://www.juniatasports.net/sports/wvball/index,325,PA,Landmark,III
JWU (Providence),https://providence.jwuathletics.com/sports/wvball/index,22626,RI,Great Northeast,III
Kalamazoo,https://hornets.kzoo.edu/sports/wvball/index,326,MI,Michigan Intercol. Ath. Assn.,III
Kansas,https://kuathletics.com/sports/wvball/,328,KS,Big 12,I
Kansas City,https://kcroos.com/sports/womens-volleyball,2707,MO,Summit League,I
Kansas State,https://www.kstatesports.com/sports/womens-volleyball,327,KS,Big 12,I
Keene St.,https://keeneowls.com/sports/womens-volleyball,330,NH,Little East,III
Kennesaw State,https://ksuowls.com/sports/womens-volleyball,1157,GA,ASUN,I
Kent State,https://kentstatesports.com/sports/womens-volleyball,331,OH,MAC,I
Kentucky,https://ukathletics.com/sports/wvball,334,KY,SEC,I
Kentucky St.,https://ksuthorobreds.com/sports/womens-volleyball,332,KY,SIAC,II
Kenyon,https://athletics.kenyon.edu/sports/womens-volleyball,335,OH,NCAC,III
Keuka,https://keukaathletics.com/sports/womens-volleyball,1159,NY,Empire 8,III
Keystone,https://www.gokcgiants.com/sports/womens-volleyball,30047,PA,CSAC,III
King's (PA),https://kingscollegeathletics.com/sports/womens-volleyball,336,PA,MAC Freedom,III
Knox,https://prairiefire.knox.edu/sports/womens-volleyball,337,IL,MWC,III
Kutztown,https://kubears.com/sports/womens-volleyball,339,PA,PSAC,II
Ky. Wesleyan,https://kwcpanthers.com/sports/womens-volleyball,333,KY,G-MAC,II
La Verne,https://www.leopardathletics.com/sports/wvball/index,341,CA,SCIAC,III
Lafayette,https://goleopards.com/sports/womens-volleyball,342,PA,Patriot,I
LaGrange,https://www.lagrangepanthers.com/sports/wvball/index,1162,GA,CCS,III
Lake Erie,https://www.lakeeriestorm.com/sports/wvball/index,2746,OH,G-MAC,II
Lake Forest,https://www.goforesters.com/sports/wvball/index,344,IL,MWC,III
Lake Superior St.,https://www.lssulakers.com/sports/w-volley/index,345,MI,GLIAC,II
Lakeland,https://lakelandmuskies.com/sports/womens-volleyball,1164,WI,NACC,III
Lamar,https://lamarcardinals.com/sports/womens-volleyball,346,TX,Southland,I
Lancaster Bible,https://lbcchargers.com/sports/womens-volleyball,30085,PA,United East,III
Lander,https://landerbearcats.com/sports/wvball,1167,NY,Peach Belt,II
LaSalle,https://goexplorers.com/sports/womens-volleyball,340,PA,Atlantic 10,I
Lawrence,https://vikings.lawrence.edu/sports/womens-volleyball,348,WI,MWC,III
Le Moyne,https://lemoynedolphins.com/sports/womens-volleyball,349,NY,NE10,II
Lebanon Valley,https://godutchmen.com/sports/womens-volleyball,351,PA,MAC Commonwealth,III
Lee,https://leeuflames.com/sports/womens-volleyball,30013,TN,Gulf South,II
Lees-McRae,https://lmcbobcats.com/sports/womens-volleyball,13302,NC,Conference Carolinas,II
Lehigh,https://lehighsports.com/sports/womens-volleyball,352,PA,Patriot,I
Lenoir-Rhyne,https://lrbears.com/sports/womens-volleyball,1170,NC,SAC,II
Lesley,https://lesleyathletics.com/sports/wvball/index,24317,MA,NECC,III
LeTourneau,https://letuathletics.com/sports/womens-volleyball,8490,TX,ASC,III
Lewis,https://lewisflyers.com/sports/womens-volleyball,354,IL,GLVC,II
Liberty,https://libertyflames.com/sports/womens-volleyball,355,VA,ASUN,I
Limestone,https://golimestonesaints.com/sports/womens-volleyball,1174,SC,SAC,II
Lindenwood (MO),https://lindenwoodlions.com/sports/womens-volleyball,30136,MO,OVC,I
Linfield,https://golinfieldwildcats.com/sports/womens-volleyball,1179,OR,NWC,III
Lipscomb,https://lipscombsports.com/sports/womens-volleyball,28600,TN,ASUN,I
Lock Haven,https://www.golhu.com/sports/womens-volleyball,360,PA,PSAC,II
Long Beach State,https://longbeachstate.com/sports/womens-volleyball,99,CA,Big West,I
Long Island,https://www.liuathletics.com/sports/womens-volleyball,361,NY,NEC,I
Longwood,https://longwoodlancers.com/sports/womens-volleyball,363,VA,Big South,I
Loras,https://duhawks.com/sports/womens-volleyball,364,IA,American Rivers,III
Louisiana,https://ragincajuns.com/sports/womens-volleyball,671,LA,Sun Belt,I
Louisiana Monroe,https://ulmwarhawks.com/sports/womens-volleyball,498,LA,Sun Belt,I
Louisiana Tech,https://latechsports.com/sports/womens-volleyball,366,LA,C-USA,I
Louisville,https://gocards.com/sports/womens-volleyball,367,KY,ACC,I
Loyola Marymount,https://lmulions.com/sports/womens-volleyball,370,CA,WCC,I
Loyola-Chicago,https://loyolaramblers.com/sports/womens-volleyball,371,IL,Atlantic 10,I
Loyola-Maryland,https://loyolagreyhounds.com/sports/womens-volleyball,369,MD,Patriot,I
LSU,https://lsusports.net/sports/wvball/,365,LA,SEC,I
Lubbock Christian,https://lcuchaps.com/sports/womens-volleyball,30177,TX,Lone Star,II
Luther,https://luthernorse.com/sports/womens-volleyball,372,IA,American Rivers,III
Lycoming,https://lycomingathletics.com/sports/womens-volleyball,373,PA,MAC Freedom,III
Lynchburg,https://www.lynchburgsports.com/sports/wvball/index,374,VA,ODAC,III
Macalester,https://athletics.macalester.edu/sports/womens-volleyball,376,MN,MIAC,III
Maine,https://goblackbears.com/sports/womens-volleyball,380,ME,America East,I
Manhattan,https://gojaspers.com/sports/womens-volleyball,381,NY,MAAC,I
Manhattanville,https://govaliants.com/sports/womens-volleyball,382,NY,Skyline,III
Mansfield,https://gomounties.com/sports/womens-volleyball,384,PA,PSAC,II
Marian (WI),https://muknights.com/sports/womens-volleyball,1196,WI,NACC,III
Marietta,https://pioneers.marietta.edu/sports/womens-volleyball,385,OH,OAC,III
Marist,https://goredfoxes.com/sports/womens-volleyball,386,NY,MAAC,I
Marquette,https://gomarquette.com/sports/womens-volleyball,387,WI,Big East,I
Mars Hill,https://www.marshilllions.com/sports/wvball/index,1199,NC,SAC,II
Marshall,https://herdzone.com/sports/womens-volleyball,388,WV,Sun Belt,I
Mary Baldwin,https://www.marybaldwinathletics.com/sports/wvball/index,389,VA,USA South,III
Mary Hardin-Baylor,https://cruathletics.com/sports/womens-volleyball,1203,TX,ASC,III
Mary Washington,https://umweagles.com/sports/wvball/index,390,VA,C2C,III
Maryland,https://umterps.com/sports/womens-volleyball,392,MD,Big Ten,I
Maryland-Eastern Shore,https://easternshorehawks.com/sports/womens-volleyball,393,MD,MEAC,I
Marymount (VA),https://www.marymountsaints.com/sports/wvball/index,394,VA,Atlantic East,III
Maryville (MO),https://maryvillesaints.com/sports/womens-volleyball,395,MO,GLVC,II
Marywood,https://marywoodpacers.com/sports/womens-volleyball,397,PA,Atlantic East,III
Massachusetts,https://umassathletics.com/sports/womens-volleyball,400,MA,Atlantic 10,I
McDaniel,https://mcdanielathletics.com/sports/womens-volleyball,773,MD,Centennial,III
McKendree,https://mckbearcats.com/sports/womens-volleyball,30138,IL,GLVC,II
MCLA,https://athletics.mcla.edu/sports/wvball/index,486,MA,MASCAC,III
McMurry,https://mcmurrysports.com/sports/womens-volleyball,8530,TX,ASC,III
McNeese State,https://mcneesesports.com/sports/womens-volleyball,402,LA,Southland,I
Me.-Farmington,https://goumfbeavers.com/sports/womens-volleyball,379,ME,North Atlantic,III
Medaille,https://medaillesports.com/sports/womens-volleyball,23725,NY,Empire 8,III
Memphis,https://gotigersgo.com/sports/womens-volleyball,404,TN,AAC,I
Mercer,https://mercerbears.com/sports/womens-volleyball,406,NJ,SoCon,I
Mercy,https://mercyathletics.com/sports/womens-volleyball,407,NY,ECC,II
Mercyhurst,https://hurstathletics.com/sports/womens-volleyball,408,PA,PSAC,II
Meredith,https://www.goavengingangels.com/sports/wvball/index,409,NC,USA South,III
Merrimack,https://merrimackathletics.com/sports/womens-volleyball,410,MA,NEC,I
Messiah,https://gomessiah.com/sports/womens-volleyball,411,PA,MAC Commonwealth,III
Miami,https://miamihurricanes.com/sports/wvball/,415,FL,ACC,I
Miami Ohio,https://miamiredhawks.com/sports/womens-volleyball,414,OH,MAC,I
Michigan,https://mgoblue.com/sports/womens-volleyball,418,MI,Big Ten,I
Michigan State,https://msuspartans.com/sports/womens-volleyball,416,MI,Big Ten,I
Michigan Tech,https://www.michigantechhuskies.com/sports/wvball/index,417,MI,GLIAC,II
Middle Tennessee,https://goblueraiders.com/sports/womens-volleyball,419,TN,C-USA,I
Middlebury,https://athletics.middlebury.edu/sports/wvball,420,VT,NESCAC,III
Miles,https://milesgoldenbears.com/sports/womens-volleyball,422,AL,SIAC,II
Millersville,https://millersvilleathletics.com/sports/womens-volleyball,423,PA,PSAC,II
Millikin,https://athletics.millikin.edu/sports/womens-volleyball,424,IL,CCIW,III
Millsaps,https://gomajors.com/sports/womens-volleyball,426,MS,SAA,III
Milwaukee,https://mkepanthers.com/sports/womens-volleyball,797,WI,Horizon,I
Minn. Duluth,https://umdbulldogs.com/sports/womens-volleyball,427,MN,NSIC,II
Minn.-Crookston,https://goldeneaglesports.com/sports/womens-volleyball,27854,MN,NSIC,II
Minnesota,https://gophersports.com/sports/womens-volleyball,428,MN,Big Ten,I
Minnesota St.,https://msumavericks.com/sports/womens-volleyball,383,MN,NSIC,II
Minot St.,https://msubeavers.com/sports/womens-volleyball,30125,ND,NSIC,II
Misericordia,https://athletics.misericordia.edu/sports/womens-volleyball,16142,PA,MAC Freedom,III
Mississippi,https://olemisssports.com/sports/womens-volleyball,433,MS,SEC,I
Mississippi College,https://www.gochoctaws.com/sports/womens-volleyball,429,MS,Gulf South,II
Mississippi State,https://hailstate.com/sports/womens-volleyball,430,MS,SEC,I
Mississippi Valley State,https://mvsusports.com/sports/womens-volleyball,432,MS,SWAC,I
Missouri,https://mutigers.com/sports/womens-volleyball,434,MO,SEC,I
Missouri S&T,https://minerathletics.com/sports/womens-volleyball,435,MO,GLVC,II
Missouri St.,https://missouristatebears.com/sports/womens-volleyball,669,MO,MVC,I
Missouri Western,https://gogriffons.com/sports/womens-volleyball,9013,MO,Mid-America Intercollegiate,II
Missouri-St. Louis,https://umsltritons.com/sports/womens-volleyball,436,MO,GLVC,II
MIT,https://mitathletics.com/sports/womens-volleyball,398,MA,NEWMAC,III
Mitchell,https://www.mitchellathletics.com/sports/wvball/index,30042,CT,NECC,III
Mo. Southern St.,https://mssulions.com/sports/womens-volleyball,9012,MO,Mid-America Intercollegiate,II
Monmouth,https://monmouthhawks.com/sports/womens-volleyball,439,NJ,CAA,I
Monmouth (IL),https://monmouthscots.com/sports/womens-volleyball,438,IL,MWC,III
Mont. St. Billings,https://msubsports.com/sports/womens-volleyball,205,MT,Great Northwest,II
Montana,https://gogriz.com/sports/womens-volleyball,441,MT,Big Sky,I
Montana State,https://msubobcats.com/sports/womens-volleyball,440,MT,Big Sky,I
Montclair St.,https://montclairathletics.com/sports/womens-volleyball,442,NJ,NJAC,III
Montevallo,https://montevallofalcons.com/sports/womens-volleyball,1238,AL,Gulf South,II
Moravian,https://www.moraviansports.com/sports/wvball/index,443,PA,Landmark,III
Morehead State,https://msueagles.com/sports/womens-volleyball,444,KY,OVC,I
Morgan St.,https://morganstatebears.com/sports/womens-volleyball,446,MD,MEAC,I
Mount Aloysius,https://mountieathletics.com/sports/womens-volleyball,30036,PA,AMCC,III
Mount Holyoke,https://athletics.mtholyoke.edu/sports/wvball/index,449,MA,NEWMAC,III
Mount Olive,https://umotrojans.com/sports/womens-volleyball,1245,NC,Conference Carolinas,II
Mount St. Joseph,https://msjlions.com/sports/womens-volleyball,8567,OH,Heartland,III
Mount St. Mary's,https://mountathletics.com/sports/womens-volleyball,450,MD,MAAC,I
Mount Union,https://athletics.mountunion.edu/sports/womens-volleyball,452,OH,OAC,III
MSOE,https://www.go-raiders.com/sports/wvball/index,20220,WI,NACC,III
MSU Denver,https://roadrunnersathletics.com/sports/womens-volleyball,413,MN,RMAC,II
MSU Moorhead,https://www.msumdragons.com/sports/womens-volleyball,1240,MN,NSIC,II
Muhlenberg,https://muhlenbergsports.com/sports/womens-volleyball,453,PA,Centennial,III
Murray State,https://goracers.com/sports/womens-volleyball,454,KY,MVC,I
Muskingum,https://www.fightingmuskies.com/sports/wvball/index,455,OH,OAC,III
N.C. A&T,https://ncataggies.com/sports/womens-volleyball,488,NC,CAA,I
N.C. Wesleyan,https://www.ncwcsports.com/sports/wvball/index,491,NC,USA South,III
Navy,https://navysports.com/sports/womens-volleyball,726,MD,Patriot,I
Nazareth,https://nazathletics.com/sports/womens-volleyball,461,NY,Empire 8,III
NC State,https://gopack.com/sports/womens-volleyball,490,NC,ACC,I
Neb. Wesleyan,https://nwusports.com/sports/womens-volleyball,462,NE,American Rivers,III
Neb.-Kearney,https://lopers.com/sports/womens-volleyball,1156,NE,Mid-America Intercollegiate,II
Nebraska,https://huskers.com/sports/womens-volleyball,463,NE,Big Ten,I
Neumann,https://www.neumannathletics.com/sports/womens-volleyball,1254,PA,Atlantic East,III
Nevada,https://nevadawolfpack.com/sports/womens-volleyball,466,NV,Mountain West,I
New England Col.,https://athletics.nec.edu/sports/wvball/index,467,NH,NECC,III
New Hampshire,https://unhwildcats.com/sports/womens-volleyball,469,NH,America East,I
New Haven,https://newhavenchargers.com/sports/womens-volleyball,470,CT,NE10,II
New Jersey Institute of Technology,https://www.njithighlanders.com/sports/womens-volleyball,471,NJ,America East,I
New Mexico,https://golobos.com/sports/wvball/,473,NM,Mountain West,I
New Mexico State,https://nmstatesports.com/sports/womens-volleyball,472,NM,WAC,I
New Orleans,https://unoprivateers.com/sports/womens-volleyball,474,LA,Southland,I
Newberry,https://newberrywolves.com/sports/womens-volleyball,1257,SC,SAC,II
Newman,https://newmanjets.com/sports/womens-volleyball,30054,KS,Mid-America Intercollegiate,II
Niagara,https://purpleeagles.com/sports/womens-volleyball,482,NY,MAAC,I
Nicholls State,https://geauxcolonels.com/sports/womens-volleyball,483,LA,Southland,I
Nichols,https://nicholsathletics.com/sports/womens-volleyball,484,MA,CCC,III
Norfolk State,https://nsuspartans.com/sports/womens-volleyball,485,VA,MEAC,I
North Alabama,http://www.roarlions.com/sports/womens-volleyball,487,AL,ASUN,I
North Carolina,https://goheels.com/sports/womens-volleyball,457,NC,ACC,I
North Carolina Central,https://nccueaglepride.com/sports/womens-volleyball,489,NC,MEAC,I
North Central (MN),https://ncurams.com/sports/womens-volleyball,30039,MN,UMAC,III
North Dakota,https://fightinghawks.com/sports/womens-volleyball,494,ND,Summit League,I
North Dakota State,https://gobison.com/sports/womens-volleyball,493,ND,Summit League,I
North Florida,https://unfospreys.com/sports/womens-volleyball,2711,FL,ASUN,I
North Georgia,https://ungathletics.com/sports/womens-volleyball,30052,GA,Peach Belt,II
North Park,https://athletics.northpark.edu/sports/womens-volleyball,496,IL,CCIW,III
North Texas,https://meangreensports.com/sports/womens-volleyball,497,TX,C-USA,I
Northeastern,https://nuhuskies.com/sports/womens-volleyball,500,MA,CAA,I
Northeastern St.,https://goriverhawksgo.com/sports/womens-volleyball,12810,OK,Mid-America Intercollegiate,II
Northern Arizona,https://nauathletics.com/sports/womens-volleyball,501,AZ,Big Sky,I
Northern Colorado,https://uncbears.com/sports/womens-volleyball,502,CO,Big Sky,I
Northern Illinois,https://niuhuskies.com/sports/womens-volleyball,503,IL,MAC,I
Northern Iowa,https://unipanthers.com/sports/womens-volleyball,504,IA,MVC,I
Northern Kentucky,https://nkunorse.com/sports/womens-volleyball,505,KY,Horizon,I
Northern Michigan,https://nmuwildcats.com/sports/womens-volleyball,506,MI,GLIAC,II
Northern St.,https://nsuwolves.com/sports/womens-volleyball,1266,SD,NSIC,II
Northland,https://northlandcollegesports.com/sports/womens-volleyball,1267,WI,UMAC,III
Northwest Missouri State,https://bearcatsports.com/sports/womens-volleyball,507,MO,Mid-America Intercollegiate,II
Northwest Nazarene,https://nnusports.com/sports/womens-volleyball,1274,ID,Great Northwest,II
Northwestern,https://nusports.com/sports/womens-volleyball,509,IL,Big Ten,I
Northwestern Okla.,https://riderangersride.com/sports/womens-volleyball,30178,OK,GAC,II
Northwestern State,https://nsudemons.com/sports/womens-volleyball,508,LA,Southland,I
Northwestern-St. Paul,https://unweagles.com/sports/womens-volleyball,30031,MN,UMAC,III
Northwood,https://www.gonorthwood.com/sports/wvball/index,510,MI,G-MAC,II
Norwich,https://www.norwichathletics.com/sports/wvball/index,511,VT,Great Northeast,III
Notre Dame,https://und.com/sports/wvball,513,IN,ACC,I
Notre Dame (OH),https://notredamefalcons.com/sports/womens-volleyball,30126,OH,MEC,II
Nova Southeastern,https://nsusharks.com/sports/womens-volleyball,24639,FL,Sunshine State,II
NVU-Lyndon,https://lyndonhornets.com/sports/womens-volleyball,30065,VT,North Atlantic,III
NYU,https://gonyuathletics.com/sports/womens-volleyball,479,NY,UAA,III
Oakland,https://goldengrizzlies.com/sports/womens-volleyball,514,MI,Horizon,I
Oberlin,https://goyeo.com/sports/womens-volleyball,515,OH,NCAC,III
Occidental,https://www.oxyathletics.com/sports/wvball/index,516,CA,SCIAC,III
Oglethorpe,https://gopetrels.com/sports/womens-volleyball,2713,GA,SAA,III
Ohio,https://ohiobobcats.com/sports/wvball,519,OH,MAC,I
Ohio Dominican,https://www.ohiodominicanpanthers.com/sports/wvball/index,30119,OH,G-MAC,II
Ohio Northern,https://www.onusports.com/sports/wvball/index,517,OH,OAC,III
Ohio State,https://ohiostatebuckeyes.com/sports/womens-volleyball,518,OH,Big Ten,I
Okla. Baptist,https://obubison.com/sports/womens-volleyball,30202,OK,GAC,II
Oklahoma,https://soonersports.com/sports/womens-volleyball,522,OK,Big 12,I
Oklahoma State,https://okstate.com/sports/womens-volleyball,521,OK,Big 12,I
Old Dominion,https://odusports.com/sports/womens-volleyball,523,VA,Sun Belt,I
Olivet,https://www.olivetcomets.com/sports/wvball/index,525,MI,Michigan Intercol. Ath. Assn.,III
Omaha,https://omavs.com/sports/womens-volleyball,464,NE,Summit League,I
Oral Roberts,https://oruathletics.com/sports/womens-volleyball,527,OK,Summit League,I
Oregon,https://goducks.com/sports/womens-volleyball,529,OR,Pac-12,I
Oregon State,https://osubeavers.com/sports/womens-volleyball,528,OR,Pac-12,I
Oswego St.,https://oswegolakers.com/sports/womens-volleyball,530,NY,SUNYAC,III
Otterbein,https://otterbeincardinals.com/sports/womens-volleyball,531,OH,OAC,III
Ouachita Baptist,https://obutigers.com/sports/womens-volleyball,1289,AR,GAC,II
Pace,https://paceuathletics.com/sports/womens-volleyball,533,NY,NE10,II
Pacific (OR),https://goboxers.com/sports/womens-volleyball,2751,OR,NWC,III
Palm Beach Atl.,https://pbasailfish.com/sports/womens-volleyball,30045,FL,Sunshine State,II
Penn College,https://pctwildcats.com/sports/womens-volleyball,30190,PA,United East,III
Penn St. Harrisburg,https://athletics.hbg.psu.edu/sports/wvball/index,30081,PA,United East,III
Penn St.-Abington,https://abingtonsports.com/sports/womens-volleyball,30114,PA,United East,III
Penn St.-Altoona,https://www.psaltoonalions.com/sports/wvball/index,25719,PA,AMCC,III
Penn St.-Behrend,https://www.psblions.com/sports/wvball/index,538,PA,AMCC,III
Penn State,https://gopsusports.com/sports/womens-volleyball,539,PA,Big Ten,I
Pennsylvania,https://pennathletics.com/sports/womens-volleyball,540,PA,Ivy League,I
Pepperdine,https://pepperdinewaves.com/sports/womens-volleyball,541,CA,WCC,I
Pfeiffer,https://gofalconsports.com/sports/womens-volleyball,542,NC,USA South,III
Piedmont,https://piedmontlions.com/sports/womens-volleyball,21830,GA,CCS,III
Pine Manor,https://pmcathletics.com/sports/wvball/index,544,MA,DIII Independent,III
Pitt.-Bradford,https://athletics.pittbradford.org/sports/wvball/index,1315,PA,AMCC,III
Pitt.-Greensburg,https://pittgreensburgathletics.com/sports/womens-volleyball,11839,PA,AMCC,III
Pitt.-Johnstown,https://pittjohnstownathletics.com/sports/womens-volleyball,546,PA,PSAC,II
Pittsburg St.,https://pittstategorillas.com/sports/womens-volleyball,1314,KS,Mid-America Intercollegiate,II
Pittsburgh,https://pittsburghpanthers.com/sports/womens-volleyball,545,PA,ACC,I
Plattsburgh St.,https://gocardinalsports.com/sports/womens-volleyball,547,NY,SUNYAC,III
Point Loma,https://plnusealions.com/sports/womens-volleyball,30149,CA,PacWest,II
Pomona-Pitzer,https://www.sagehens.com/sports/wvball/index,549,CA,SCIAC,III
Portland,https://portlandpilots.com/sports/womens-volleyball,551,OR,WCC,I
Portland State,https://goviks.com/sports/womens-volleyball,550,OR,Big Sky,I
Post,https://posteagles.com/sports/womens-volleyball,1318,CT,CACC,II
Prairie View A&M,https://pvpanthers.com/sports/womens-volleyball,553,TX,SWAC,I
Presbyterian College,https://gobluehose.com/sports/womens-volleyball,1320,SC,Big South,I
Princeton,https://goprincetontigers.com/sports/womens-volleyball,554,NJ,Ivy League,I
Providence,https://friars.com/sports/womens-volleyball,556,RI,Big East,I
Puget Sound,https://loggerathletics.com/sports/womens-volleyball,557,WA,NWC,III
Purdue,https://purduesports.com/sports/womens-volleyball,559,IN,Big Ten,I
Purdue Northwest,https://pnwathletics.com/sports/womens-volleyball,30222,IN,GLIAC,II
Purdue-Fort Wayne,https://gomastodons.com/sports/womens-volleyball,308,IN,Horizon,I
Queens (NC),https://queensathletics.com/sports/womens-volleyball,11504,NC,ASUN,I
Queens (NY),https://queensknights.com/sports/womens-volleyball,560,NY,ECC,II
Quincy,https://quhawks.com/sports/womens-volleyball,561,IL,GLVC,II
Quinnipiac,https://gobobcats.com/sports/womens-volleyball,562,CT,MAAC,I
Radford,https://radfordathletics.com/sports/womens-volleyball,563,VA,Big South,I
Ramapo,https://ramapoathletics.com/sports/womens-volleyball,564,NJ,NJAC,III
Randolph,https://randolphwildcats.com/sports/womens-volleyball,566,VA,ODAC,III
Randolph-Macon,https://www.rmcathletics.com/sports/wvball/index,565,VA,ODAC,III
Redlands,https://www.goredlands.com/sports/wvball/index,567,CA,SCIAC,III
Regis (CO),https://regisrangers.com/sports/womens-volleyball,568,CO,RMAC,II
Regis (MA),https://www.goregispride.com/sports/wvball/index,569,MA,Great Northeast,III
Rhode Island,https://gorhody.com/sports/womens-volleyball,572,RI,Atlantic 10,I
Rhode Island College,https://goanchormen.com/sports/womens-volleyball,571,RI,Little East,III
Rhodes,https://rhodeslynx.com/sports/womens-volleyball,573,TN,SAA,III
Rice,https://riceowls.com/sports/womens-volleyball,574,TX,C-USA,I
Richmond,https://richmondspiders.com/sports/womens-volleyball,575,VA,Atlantic 10,I
Rider,https://gobroncs.com/sports/womens-volleyball,576,NJ,MAAC,I
Ripon,https://riponredhawks.com/sports/womens-volleyball,577,WI,MWC,III
Robert Morris,https://rmucolonials.com/sports/womens-volleyball,579,PA,Horizon,I
Rochester (NY),https://uofrathletics.com/sports/womens-volleyball,581,NY,UAA,III
Rockford,https://rockfordregents.com/sports/womens-volleyball,582,IL,NACC,III
Rockhurst,https://rockhursthawks.com/sports/womens-volleyball,1328,MO,GLVC,II
Roger Williams,https://rwuhawks.com/sports/womens-volleyball,583,RI,CCC,III
Rogers St.,https://rsuhillcats.com/sports/womens-volleyball,30180,OK,Mid-America Intercollegiate,II
Rollins,https://rollinssports.com/sports/womens-volleyball,584,FL,Sunshine State,II
Rose-Hulman,https://athletics.rose-hulman.edu/sports/womens-volleyball,585,IN,HCAC,III
Rosemont,https://rosemont-ravens.com/sports/womens-volleyball,15882,PA,CSAC,III
Rowan,https://www.rowanathletics.com/sports/womens-volleyball,259,NJ,NJAC,III
Rutgers,https://scarletknights.com/sports/womens-volleyball,587,NJ,Big Ten,I
Rutgers-Newark,https://rutgersnewarkathletics.com/sports/womens-volleyball,589,NJ,NJAC,III
S.C. Aiken,https://pacersports.com/sports/womens-volleyball,11276,SC,Peach Belt,II
Sacramento State,https://hornetsports.com/sports/womens-volleyball,102,CA,Big Sky,I
Sacred Heart,https://sacredheartpioneers.com/sports/womens-volleyball,590,CT,NEC,I
Sage Colleges,https://www.sagegators.com/sports/wvball/index,11036,NY,Empire 8,III
Saginaw Valley,https://www.svsucardinals.com/sports/wvball/index,591,MI,GLIAC,II
Saint Benedict,https://gobennies.com/sports/womens-volleyball,595,MN,MIAC,III
Saint Francis (PA),https://sfuathletics.com/sports/womens-volleyball,600,PA,NEC,I
Saint Joseph's (PA),https://sjuhawks.com/sports/womens-volleyball,606,PA,Atlantic 10,I
Saint Leo,https://saintleolions.com/sports/womens-volleyball,608,FL,Sunshine State,II
Saint Louis,https://slubillikens.com/sports/womens-volleyball,609,MO,Atlantic 10,I
Saint Martin's,https://smusaints.com/sports/womens-volleyball,1343,WA,Great Northwest,II
Saint Mary's (CA),https://smcgaels.com/sports/womens-volleyball,610,CA,WCC,I
Saint Mary's (MN),https://saintmaryssports.com/sports/womens-volleyball,612,MN,MIAC,III
Saint Michael's,https://www.smcathletics.com/sports/wvball/index,613,VT,NE10,II
Saint Peter's,https://saintpeterspeacocks.com/sports/womens-volleyball,617,NJ,MAAC,I
Saint Vincent,https://athletics.stvincent.edu/sports/womens-volleyball,30064,PA,PAC,III
Salem (WV),https://salemtigers.com/sports/womens-volleyball,19117,WV,DII Independent,II
Salisbury,https://suseagulls.com/sports/womens-volleyball,622,MD,C2C,III
Salve Regina,https://www.salveathletics.com/sports/wvball/index,623,RI,CCC,III
Sam Houston State,https://gobearkats.com/sports/womens-volleyball,624,TX,WAC,I
Samford,https://samfordsports.com/sports/womens-volleyball,625,AL,SoCon,I
San Diego,https://usdtoreros.com/sports/womens-volleyball,627,CA,WCC,I
San Diego State,https://goaztecs.com/sports/womens-volleyball,626,CA,Mountain West,I
San Fran. St.,https://sfstategators.com/sports/womens-volleyball,628,CA,CCAA,II
San Francisco,https://usfdons.com/sports/womens-volleyball,629,CA,WCC,I
San Jose State,https://sjsuspartans.com/sports/womens-volleyball,630,CA,Mountain West,I
Santa Clara,https://santaclarabroncos.com/sports/womens-volleyball,631,CA,WCC,I
Sarah Lawrence,https://gogryphons.com/sports/womens-volleyball,30163,NY,Skyline,III
Schreiner,https://schreinermountaineers.com/sports/wvball/index,1355,TX,SCAC,III
Scranton,https://athletics.scranton.edu/sports/wvball/index,633,PA,Landmark,III
Seattle,https://goseattleu.com/sports/womens-volleyball,1356,WA,WAC,I
Seattle Pacific,https://spufalcons.com/sports/womens-volleyball,634,WA,Great Northwest,II
Seton Hall,https://shupirates.com/sports/womens-volleyball,635,NJ,Big East,I
Seton Hill,https://athletics.setonhill.edu/sports/womens-volleyball,30063,PA,PSAC,II
Sewanee,https://sewaneetigers.com/sports/womens-volleyball,652,TN,SAA,III
Shenandoah,https://suhornets.com/sports/womens-volleyball,637,VA,ODAC,III
Shepherd,https://shepherdrams.com/sports/womens-volleyball,10870,WV,PSAC,II
Shippensburg,https://shipraiders.com/sports/womens-volleyball,638,PA,PSAC,II
Shorter,https://goshorterhawks.com/sports/womens-volleyball,30151,GA,Gulf South,II
Siena,https://sienasaints.com/sports/womens-volleyball,639,NY,MAAC,I
Simon Fraser,https://athletics.sfu.ca/sports/womens-volleyball,30127,NA,Great Northwest,II
Simpson,https://www.simpsonathletics.com/sports/wvball/index,641,CA,American Rivers,III
Sioux Falls,https://usfcougars.com/sports/womens-volleyball,30128,SD,NSIC,II
SIUE,https://siuecougars.com/sports/womens-volleyball,660,IL,OVC,I
Skidmore,https://skidmoreathletics.com/sports/womens-volleyball,642,NY,Liberty League,III
Smith,https://smithpioneers.com/sports/womens-volleyball,644,MA,NEWMAC,III
Sonoma St.,https://sonomaseawolves.com/sports/womens-volleyball,645,CA,CCAA,II
South Alabama,https://usajaguars.com/sports/womens-volleyball,646,AL,Sun Belt,I
South Carolina,https://gamecocksonline.com/sports/wvball,648,SC,SEC,I
South Carolina St.,https://www.scsuathletics.com/sports/womens-volleyball,647,SC,MEAC,I
South Dakota,https://goyotes.com/sports/womens-volleyball,650,SD,Summit League,I
South Dakota Mines,https://gorockers.com/sports/womens-volleyball,30139,SD,RMAC,II
South Dakota State,https://gojacks.com/sports/womens-volleyball,649,SD,Summit League,I
South Florida,https://gousfbulls.com/sports/womens-volleyball,651,FL,AAC,I
Southeast Missouri State,https://semoredhawks.com/sports/womens-volleyball,654,MO,OVC,I
Southeastern Louisiana,https://lionsports.net/sports/womens-volleyball,655,LA,Southland,I
Southeastern Okla.,https://gosoutheastern.com/sports/womens-volleyball,1371,OK,GAC,II
Southern,https://gojagsports.com/sports/womens-volleyball,665,LA,SWAC,I
Southern Ark.,https://muleriderathletics.com/sports/womens-volleyball,1376,AR,GAC,II
Southern Cal,https://usctrojans.com/sports/womens-volleyball,657,CA,Pac-12,I
Southern Conn. St.,https://scsuowls.com/sports/womens-volleyball,658,CT,NE10,II
Southern Ill.,https://siusalukis.com/sports/womens-volleyball,659,IL,MVC,I
Southern Ind.,https://gousieagles.com/sports/womens-volleyball,661,IN,OVC,I
Southern Me.,https://southernmainehuskies.com/sports/womens-volleyball,662,ME,Little East,III
Southern Methodist,https://smumustangs.com/sports/womens-volleyball,663,TX,AAC,I
Southern Miss,https://southernmiss.com/sports/womens-volleyball,664,MS,Sun Belt,I
Southern N.H.,https://snhupenmen.com/sports/womens-volleyball,468,NH,NE10,II
Southern Nazarene,https://snuathletics.com/sports/womens-volleyball,30152,OK,GAC,II
Southern Utah,https://suutbirds.com/sports/womens-volleyball,667,UT,WAC,I
Southern Va.,https://knightathletics.com/sports/womens-volleyball,30164,VA,USA South,III
Southern Wesleyan,https://swuathletics.com/sports/womens-volleyball,30192,SC,Conference Carolinas,II
Southwest Baptist,https://www.sbubearcats.com/sports/womens-volleyball,2755,MO,GLVC,II
Southwest Minn. St.,https://smsumustangs.com/sports/womens-volleyball,8736,MN,NSIC,II
Southwestern (TX),https://www.southwesternpirates.com/sports/w-volley/index,8746,TX,SCAC,III
Southwestern Okla.,https://swosuathletics.com/sports/womens-volleyball,8744,OK,GAC,II
Springfield,https://springfieldcollegepride.com/sports/wvball/index,673,MA,NEWMAC,III
St. Anselm,https://saintanselmhawks.com/sports/womens-volleyball,593,NH,NE10,II
St. Bonaventure,https://gobonnies.com/sports/womens-volleyball,596,NY,Atlantic 10,I
St. Catherine,https://stkatesathletics.com/sports/womens-volleyball,597,MN,MIAC,III
St. Cloud St.,https://scsuhuskies.com/sports/womens-volleyball,598,MN,NSIC,II
St. Edward's,https://gohilltoppers.com/sports/womens-volleyball,1334,TX,Lone Star,II
St. Elizabeth,https://seueagles.com/sports/womens-volleyball,9684,NJ,CSAC,III
St. Francis College Brooklyn,https://sfcathletics.com/sports/womens-volleyball,599,NY,NEC,I
St. John Fisher,https://athletics.sjfc.edu/sports/womens-volleyball,601,NY,Empire 8,III
St. John's,https://redstormsports.com/sports/womens-volleyball,603,NY,Big East,I
St. Joseph's (L.I.),https://sjliathletics.com/sports/wvball/index,1340,NY,Skyline,III
St. Lawrence,https://saintsathletics.com/sports/womens-volleyball,607,NY,Liberty League,III
St. Mary's (IN),https://belles.saintmarys.edu/sports/wvball/index,8688,IN,Michigan Intercol. Ath. Assn.,III
St. Mary's (MD),https://smcmathletics.com/sports/womens-volleyball,611,MD,United East,III
St. Mary's (TX),https://rattlerathletics.com/sports/womens-volleyball,1346,TX,Lone Star,II
St. Norbert,https://athletics.snc.edu/sports/womens-volleyball,614,WI,NACC,III
St. Olaf,https://athletics.stolaf.edu/sports/womens-volleyball,615,MN,MIAC,III
St. Scholastica,https://csssaints.com/sports/womens-volleyball,618,MN,MIAC,III
St. Thomas (MN),https://tommiesports.com/sports/wvball,620,MN,Summit League,I
St. Thomas (TX),https://ustcelts.com/sports/wvball/index,2810,TX,SCAC,III
St. Thomas Aquinas,https://www.stacathletics.com/sports/wvball/index,1348,NY,ECC,II
Stanford,https://gostanford.com/sports/womens-volleyball,674,CA,Pac-12,I
Staten Island,https://csidolphins.com/sports/womens-volleyball,675,NY,ECC,II
Stephen F. Austin,https://sfajacks.com/sports/womens-volleyball,676,TX,WAC,I
Stetson,https://gohatters.com/sports/womens-volleyball,678,FL,ASUN,I
Stevens,https://stevensducks.com/sports/womens-volleyball,679,NJ,MAC Freedom,III
Stevenson,https://gomustangsports.com/sports/womens-volleyball,21852,MD,MAC Commonwealth,III
Stonehill,https://www.stonehillskyhawks.com/sports/wvball/index,682,MA,NEC,I
Stony Brook,https://stonybrookathletics.com/sports/womens-volleyball,683,NY,CAA,I
Suffolk,https://www.gosuffolkrams.com/sports/wvball/index,684,MA,CCC,III
Sul Ross St.,https://srlobos.com/sports/womens-volleyball,1390,TX,ASC,III
SUNY Canton,https://rooathletics.com/sports/womens-volleyball,30165,NY,North Atlantic,III
SUNY Delhi,https://delhibroncos.com/sports/wvball/index,30225,NY,North Atlantic,III
SUNY Geneseo,https://geneseoknights.com/sports/wvball,247,NY,SUNYAC,III
SUNY Morrisville,https://morrisvillemustangs.com/sports/womens-volleyball,30067,NY,United East,III
SUNY Oneonta,https://oneontaathletics.com/sports/womens-volleyball,526,NY,SUNYAC,III
SUNY Potsdam,https://potsdambears.com/sports/womens-volleyball,552,NY,SUNYAC,III
Susquehanna,https://suriverhawks.com/sports/womens-volleyball,685,PA,Landmark,III
Swarthmore,https://swarthmoreathletics.com/sports/womens-volleyball,686,PA,Centennial,III
Syracuse,https://cuse.com/sports/womens-volleyball,688,NY,ACC,I
Tampa,https://www.tampaspartans.com/sports/wvball/index,689,FL,Sunshine State,II
Tarleton St.,https://tarletonsports.com/sports/womens-volleyball,1395,TX,WAC,I
TCNJ,https://tcnjathletics.com/sports/womens-volleyball,712,NJ,NJAC,III
Temple,https://owlsports.com/sports/womens-volleyball,690,PA,AAC,I
Tennessee,https://utsports.com/sports/womens-volleyball,694,TN,SEC,I
Tennessee St.,https://tsutigers.com/sports/womens-volleyball,691,TN,OVC,I
Tennessee Tech,https://www.ttusports.com/sports/wvball/index,692,TN,OVC,I
Tex. A&M-Commerce,https://lionathletics.com/sports/womens-volleyball,199,TX,Southland,I
Tex. A&M-Kingsville,https://javelinaathletics.com/sports/womens-volleyball,696,TX,Lone Star,II
Tex. Permian Basin,https://utpbfalcons.com/sports/womens-volleyball,30088,TX,Lone Star,II
Texas,https://texassports.com/sports/womens-volleyball,703,TX,Big 12,I
Texas A&M,https://12thman.com/sports/womens-volleyball,697,TX,SEC,I
Texas Christian,https://gofrogs.com/sports/womens-volleyball,698,TX,Big 12,I
Texas Lutheran,https://tlubulldogs.com/sports/wvball/index,1400,TX,SCAC,III
Texas Southern,https://tsusports.com/sports/womens-volleyball,699,TX,SWAC,I
Texas State,https://txstatebobcats.com/sports/womens-volleyball,670,TX,Sun Belt,I
Texas Tech,https://texastech.com/sports/womens-volleyball,700,TX,Big 12,I
Texas Woman's,https://twuathletics.com/sports/womens-volleyball,701,TX,Lone Star,II
Texas-Arlington,https://utamavs.com/sports/womens-volleyball,702,TX,WAC,I
Texas-Dallas,https://utdcomets.com/sports/womens-volleyball,23121,TX,ASC,III
Texas-El Paso,https://utepminers.com/sports/womens-volleyball,704,TX,C-USA,I
Texas-Tyler,https://uttylerpatriots.com/sports/womens-volleyball,30028,TX,Lone Star,II
Thiel,https://thielathletics.com/sports/womens-volleyball,707,PA,PAC,III
Tiffin,https://www.gotiffindragons.com/sports/wvball/index,1403,OH,G-MAC,II
Toledo,https://utrockets.com/sports/womens-volleyball,709,OH,MAC,I
Towson,https://towsontigers.com/sports/womens-volleyball,711,MD,CAA,I
Transylvania,http://www.transysports.com/sports/womens-volleyball,28749,KY,HCAC,III
Trevecca Nazarene,https://www.tnutrojans.com/sports/wvball/index,30002,TN,G-MAC,II
Trine,https://www.trinethunder.com/sports/wvball/index,30037,IN,Michigan Intercol. Ath. Assn.,III
Trinity (CT),https://bantamsports.com/sports/womens-volleyball,713,CT,NESCAC,III
Trinity (TX),https://trinitytigers.com/sports/womens-volleyball,715,TX,SCAC,III
Troy,https://troytrojans.com/sports/womens-volleyball,716,AL,Sun Belt,I
Truman State,https://trumanbulldogs.com/sports/womens-volleyball,499,MO,GLVC,II
Tufts,https://gotuftsjumbos.com/sports/womens-volleyball,717,MA,NESCAC,III
Tulane,https://tulanegreenwave.com/sports/womens-volleyball,718,LA,AAC,I
Tulsa,https://tulsahurricane.com/sports/womens-volleyball,719,OK,AAC,I
Tusculum,https://www.tusculumpioneers.com/sports/wvball/index,12830,TN,SAC,II
Tuskegee,https://goldentigersports.com/sports/womens-volleyball,720,AL,SIAC,II
UAB,https://uabsports.com/sports/womens-volleyball,9,AL,C-USA,I
UC Davis,https://ucdavisaggies.com/sports/womens-volleyball,108,CA,Big West,I
UC Irvine,https://ucirvinesports.com/sports/womens-volleyball,109,CA,Big West,I
UC Riverside,https://gohighlanders.com/sports/womens-volleyball,111,CA,Big West,I
UC San Diego,https://ucsdtritons.com/sports/womens-volleyball,112,CA,Big West,I
UC Santa Barbara,https://ucsbgauchos.com/sports/womens-volleyball,104,CA,Big West,I
UC Santa Cruz,https://goslugs.com/sports/womens-volleyball,113,CA,C2C,III
UC-Colo. Springs,https://gomountainlions.com/sports/womens-volleyball,9754,CA,RMAC,II
UCLA,https://uclabruins.com/sports/womens-volleyball,110,CA,Pac-12,I
UConn,https://uconnhuskies.com/sports/womens-volleyball,164,CT,Big East,I
UIndy,https://athletics.uindy.edu/sports/womens-volleyball,309,IN,GLVC,II
UMass Dartmouth,https://corsairathletics.com/sports/womens-volleyball,656,MA,Little East,III
UMass Lowell,https://goriverhawks.com/sports/womens-volleyball,368,MA,America East,I
UMBC,https://umbcretrievers.com/sports/womens-volleyball,391,MD,America East,I
UNC Asheville,https://uncabulldogs.com/sports/womens-volleyball,456,NC,Big South,I
UNC Greensboro,https://uncgspartans.com/sports/womens-volleyball,459,NC,SoCon,I
UNC Pembroke,https://uncpbraves.com/sports/wvball,537,NC,Conference Carolinas,II
UNCW,https://uncwsports.com/sports/womens-volleyball,460,NC,CAA,I
Union (NY),https://unionathletics.com/sports/womens-volleyball,727,NY,Liberty League,III
Union (TN),https://uuathletics.com/sports/womens-volleyball,30153,TN,Gulf South,II
UNLV,https://unlvrebels.com/sports/womens-volleyball,465,NV,Mountain West,I
Upper Iowa,https://uiupeacocks.com/sports/womens-volleyball,728,IA,NSIC,II
Ursinus,https://ursinusathletics.com/sports/womens-volleyball,730,PA,Centennial,III
Ursuline,https://ursulinearrows.com/sports/womens-volleyball,30140,OH,G-MAC,II
USC Upstate,https://upstatespartans.com/sports/womens-volleyball,10411,SC,Big South,I
USciences,https://www.devilsathletics.com/sports/wvball/index,28594,PA,CACC,II
UT Martin,https://utmsports.com/sports/womens-volleyball,695,TN,OVC,I
UT-Rio Grande Valley,https://goutrgv.com/sports/womens-volleyball,536,TX,WAC,I
UT-San Antonio,https://goutsa.com/sports/womens-volleyball,706,TX,C-USA,I
Utah,https://utahutes.com/sports/womens-volleyball,732,UT,Pac-12,I
Utah St.,https://utahstateaggies.com/sports/womens-volleyball,731,UT,Mountain West,I
Utah Tech,https://utahtechtrailblazers.com/sports/womens-volleyball,30095,UT,WAC,I
Utah Valley,https://gouvu.com/sports/womens-volleyball,30024,UT,WAC,I
UVa-Wise,https://uvawisecavs.com/sports/womens-volleyball,30181,VA,SAC,II
Va. Wesleyan,https://vwuathletics.com/sports/womens-volleyball,745,VA,ODAC,III
Valdosta St.,https://vstateblazers.com/sports/womens-volleyball,734,GA,Gulf South,II
Valley Forge,https://uvfpatriots.com/sports/womens-volleyball,30166,PA,CSAC,III
Valparaiso,https://www.valpoathletics.com/volleyball,735,IN,MVC,I
Vanderbilt,https://vucommodores.com/sports/wvball,736,TN,SEC,I
Vassar,https://www.vassarathletics.com/sports/womens-volleyball,737,NY,Liberty League,III
Vermont,https://uvmathletics.com/sports/womens-volleyball,738,VT,America East,I
Villanova,https://villanova.com/sports/womens-volleyball,739,PA,Big East,I
Virginia,https://virginiasports.com/sports/wvball/,746,VA,ACC,I
Virginia Commonwealth,https://vcuathletics.com/sports/womens-volleyball,740,VA,Atlantic 10,I
Virginia Tech,https://hokiesports.com/sports/womens-volleyball,742,VA,ACC,I
Wagner,https://wagnerathletics.com/sports/womens-volleyball,748,NY,NEC,I
Wake Forest,https://godeacs.com/sports/womens-volleyball,749,NC,ACC,I
Walsh,https://www.athletics.walsh.edu/sports/wvball/index,30141,OH,G-MAC,II
Wartburg,https://go-knights.net/sports/womens-volleyball,750,IA,American Rivers,III
Washburn,https://wusports.com/sports/womens-volleyball,2814,KS,Mid-America Intercollegiate,II
Washington,https://gohuskies.com/sports/womens-volleyball,756,WA,Pac-12,I
Washington & Jefferson,https://gopresidents.com/sports/womens-volleyball,751,PA,PAC,III
Washington Col.,https://washcollsports.com/sports/womens-volleyball,753,MD,Centennial,III
Washington State,https://wsucougars.com/sports/womens-volleyball,754,WA,Pac-12,I
WashU,https://washubears.com/sports/womens-volleyball,755,MO,UAA,III
Wayne St. (MI),https://wsuathletics.com/sports/womens-volleyball,757,MI,GLIAC,II
Wayne St. (NE),https://wscwildcats.com/sports/womens-volleyball,1433,NE,NSIC,II
Waynesburg,https://waynesburgsports.com/sports/womens-volleyball,1434,PA,PAC,III
Weber State,https://weberstatesports.com/sports/womens-volleyball,758,UT,Big Sky,I
Webster,https://websterathletics.com/sports/womens-volleyball,759,MO,SLIAC,III
Wellesley,https://www.wellesleyblue.com/sports/wvball/index,760,MA,NEWMAC,III
Wentworth,https://www.wentworthathletics.com/sports/wvball/index,762,MA,CCC,III
Wesleyan (CT),https://athletics.wesleyan.edu/sports/womens-volleyball,764,CT,NESCAC,III
West Alabama,https://uwaathletics.com/sports/womens-volleyball,358,AL,Gulf South,II
West Florida,https://goargos.com/sports/womens-volleyball,11740,FL,Gulf South,II
West Liberty,https://hilltoppersports.com/sports/womens-volleyball,1438,WV,MEC,II
West Texas A&M,https://gobuffsgo.com/sports/womens-volleyball,767,TX,Lone Star,II
West Va. Wesleyan,https://wesleyanbobcats.com/sports/womens-volleyball,9630,WV,MEC,II
West Virginia,https://wvusports.com/sports/womens-volleyball,768,WV,Big 12,I
West Virginia St.,https://wvsuyellowjackets.com/sports/womens-volleyball,1439,WV,MEC,II
Western Carolina,https://catamountsports.com/sports/womens-volleyball,769,NC,SoCon,I
Western Colo.,https://gomountaineers.com/sports/womens-volleyball,2759,CO,RMAC,II
Western Connecticut St.,https://westconnathletics.com/sports/womens-volleyball,770,CT,Little East,III
Western Illinois,https://goleathernecks.com/sports/womens-volleyball,771,IL,Summit League,I
Western Ky.,https://wkusports.com/sports/womens-volleyball,772,KY,C-USA,I
Western Michigan,https://wmubroncos.com/sports/womens-volleyball,774,MI,MAC,I
Western N.M.,https://wnmumustangs.com/sports/womens-volleyball,1445,NM,Lone Star,II
Western New Eng.,https://www.wnegoldenbears.com/sports/wvball/index,775,MA,CCC,III
Western Ore.,https://wouwolves.com/sports/womens-volleyball,1446,OR,Great Northwest,II
Western Wash.,https://wwuvikings.com/sports/womens-volleyball,1448,WA,Great Northwest,II
Westminster (PA),https://athletics.westminster.edu/sports/womens-volleyball,1451,PA,PAC,III
Westminster (UT),https://westminstergriffins.com/sports/womens-volleyball,30209,UT,RMAC,II
Wheaton (IL),https://athletics.wheaton.edu/sports/womens-volleyball,778,IL,CCIW,III
Wheaton (MA),https://wheatoncollegelyons.com/sports/womens-volleyball,779,MA,NEWMAC,III
Wheeling,https://wucardinals.com/sports/womens-volleyball,12799,WV,MEC,II
Whitman,https://athletics.whitman.edu/sports/womens-volleyball,780,WA,NWC,III
Whitworth,https://whitworthpirates.com/sports/womens-volleyball,1454,WA,NWC,III
Wichita State,https://goshockers.com/sports/womens-volleyball,782,KS,AAC,I
Widener,https://widenerpride.com/sports/womens-volleyball,783,PA,MAC Freedom,III
Wilkes,https://gowilkesu.com/sports/womens-volleyball,784,PA,MAC Freedom,III
Willamette,https://www.wubearcats.com/sports/wvball/index,785,OR,NWC,III
William & Mary,https://tribeathletics.com/sports/womens-volleyball,786,VA,CAA,I
William Jewell,https://jewellcardinals.com/sports/womens-volleyball,30120,MO,GLVC,II
William Paterson,https://www.wpupioneers.com/sports/womens-volleyball,787,NJ,NJAC,III
William Peace,https://gopeacepacers.com/sports/womens-volleyball,17094,NC,USA South,III
William Smith,https://hwsathletics.com/sports/womens-volleyball,30073,NY,Liberty League,III
Wilmington (OH),http://www.wilmingtonquakers.com/sports/wvball/index,1461,OH,OAC,III
Wingate,https://wingatebulldogs.com/sports/womens-volleyball,1462,NC,SAC,II
Winona St.,https://winonastatewarriors.com/sports/womens-volleyball,790,MN,NSIC,II
Winston-Salem,https://wssurams.com/sports/womens-volleyball,791,NC,CIAA,II
Winthrop,https://winthropeagles.com/sports/womens-volleyball,792,SC,Big South,I
Wis. Lutheran,https://wlcsports.com/sports/womens-volleyball,8911,WI,NACC,III
Wis.-Eau Claire,https://blugolds.com/sports/wvball/index,793,WI,WIAC,III
Wis.-Oshkosh,https://www.uwoshkoshtitans.com/sports/wvball/index,798,WI,WIAC,III
Wis.-Platteville,https://letsgopioneers.com/sports/wvball/index,800,WI,WIAC,III
Wisconsin,https://uwbadgers.com/sports/womens-volleyball,796,WI,Big Ten,I
Wisconsin-La Crosse,https://uwlathletics.com/sports/womens-volleyball,795,WI,WIAC,III
Wisconsin-Parkside,https://parksiderangers.com/sports/womens-volleyball,799,WI,GLIAC,II
Wisconsin-River Falls,https://uwrfsports.com/sports/womens-volleyball,801,WI,WIAC,III
Wisconsin-Stevens Point,https://athletics.uwsp.edu/sports/womens-volleyball,802,WI,WIAC,III
Wisconsin-Stout,https://stoutbluedevils.com/sports/womens-volleyball,803,WI,WIAC,III
Wisconsin-Superior,https://uwsyellowjackets.com/sports/womens-volleyball,804,WI,UMAC,III
Wisconsin-Whitewater,https://uwwsports.com/sports/womens-volleyball,805,WI,WIAC,III
Wittenberg,https://www.wittenbergtigers.com/sports/wvball/index,806,OH,NCAC,III
Wofford,https://woffordterriers.com/sports/womens-volleyball,2915,SC,SoCon,I
Wooster,https://www.woosterathletics.com/sports/wvball/index,807,OH,NCAC,III
Worcester St.,https://www.wsulancers.com/sports/wvball/index,809,MA,MASCAC,III
WPI,https://athletics.wpi.edu/sports/wvball/index,808,MA,NEWMAC,III
Wright St.,https://wsuraiders.com/sports/womens-volleyball,810,OH,Horizon,I
Wyoming,https://gowyo.com/sports/womens-volleyball,811,WY,Mountain West,I
Xavier,https://goxavier.com/sports/womens-volleyball,812,OH,Big East,I
Yale,https://yalebulldogs.com/sports/womens-volleyball,813,CT,Ivy League,I
York (PA),https://ycpspartans.com/sports/womens-volleyball,815,PA,MAC Commonwealth,III
Young Harris,https://yhcathletics.com/sports/womens-volleyball,30154,GA,Peach Belt,II
Youngstown St.,https://ysusports.com/sports/womens-volleyball,817,OH,Horizon,I